[

  {
    "pid":0,
	"email":"asti.sri@gmail.com",
	"title":"Nissan",
	"rating":"0/5",
	"location":"Alambagh, Lucknow",
	"avail":"20 days",
	"img":"automobiles.jpg",
	"categ":"Automobiles",
	"price": "Rs. 2000"
  },
  {
    "pid":1,
	"email":"asti.sri@gmail.com",
	"title":"Nissan2",
	"rating":"0/5",
	"location":"Alambagh, Lucknow",
	"avail":"20 days",
	"img":"automobiles.jpg",
	"categ":"Automobiles",
	"price": "Rs. 5000"
  },{
    "pid":2,
	"email":"asti.sri@gmail.com",
	"title":"Nissan3",
	"rating":"0/5",
	"location":"Alambagh, Lucknow",
	"avail":"20 days",
	"img":"automobiles.jpg",
	"categ":"Automobiles",
	"price": "Rs. 2000"
  },{
    "pid":3,
	"email":"asti.sri@gmail.com",
	"title":"Nissan",
	"rating":"0/5",
	"location":"Alambagh, Lucknow",
	"avail":"20 days",
	"img":"automobiles.jpg",
	"categ":"Automobiles",
	"price": "Rs. 2000"
  },{
    "pid":4,
	"email":"asti.sri@gmail.com",
	"title":"Nissan",
	"rating":"0/5",
	"location":"Alambagh, Lucknow",
	"avail":"20 days",
	"img":"automobiles.jpg",
	"categ":"Automobiles",
	"price": "Rs. 2000"
  },{
    "pid":5,
	"email":"asti.sri@gmail.com",
	"title":"Nissan",
	"rating":"0/5",
	"location":"Alambagh, Lucknow",
	"avail":"20 days",
	"img":"automobiles.jpg",
	"categ":"Automobiles",
	"price": "Rs. 2000"
  },{
    "pid":6,
	"email":"asti.sri@gmail.com",
	"title":"Nissan",
	"rating":"0/5",
	"location":"Alambagh, Lucknow",
	"avail":"20 days",
	"img":"automobiles.jpg",
	"categ":"Automobiles",
	"price": "Rs. 2000"
  },{
    "pid":7,
	"email":"asti.sri@gmail.com",
	"title":"Nissan",
	"rating":"0/5",
	"location":"Alambagh, Lucknow",
	"avail":"20 days",
	"img":"automobiles.jpg",
	"categ":"Automobiles",
	"price": "Rs. 5500"
  },{
    "pid":8,
	"email":"asti.sri@gmail.com",
	"title":"Nissan",
	"rating":"0/5",
	"location":"Alambagh, Lucknow",
	"avail":"20 days",
	"img":"automobiles.jpg",
	"categ":"Automobiles",
	"price": "Rs. 2000"
  }]
